{
  "type": "forge:add_spawns",
  "biomes": "#minecraft:is_overworld",
  "spawners": [
    {
      "type": "zeroraces:human",
      "weight": 100,
      "minCount": 3,
      "maxCount": 5
    },
    {
      "type": "zeroraces:elf",
      "weight": 100,
      "minCount": 3,
      "maxCount": 5
    },
    {
      "type": "zeroraces:dwarf",
      "weight": 100,
      "minCount": 3,
      "maxCount": 5
    },
    {
      "type": "zeroraces:dragonkin",
      "weight": 80,
      "minCount": 2,
      "maxCount": 4
    },
    {
      "type": "zeroraces:beastfolk",
      "weight": 90,
      "minCount": 2,
      "maxCount": 4
    },
    {
      "type": "zeroraces:kobold",
      "weight": 100,
      "minCount": 4,
      "maxCount": 8
    }
  ]
}